variavel,coef_padrao,odds_ratio,odds_ratio_por_unidade,escala_por_unidade,aumenta_risco
categoria_grupo_fashion_male_clothing,0.962020779406428,2.616979471961996,2.616979471961996,1.0,True
entrega_dias,0.743734570702446,2.103777568098393,1.0818845172625453,9.449715081970822,True
categoria_grupo_audio,0.7213885062414763,2.0572877853183162,2.0572877853183162,1.0,True
uf_vendedor_infrequent_sklearn,0.5523731661727187,1.7373711999305719,1.7373711999305719,1.0,True
categoria_grupo_construction_tools_safety,0.5236951392928231,1.688254473564557,1.688254473564557,1.0,True
categoria_grupo_art,0.5236948012399937,1.688253902845452,1.688253902845452,1.0,True
categoria_grupo_sem_categoria,0.44534834082076286,1.5610338729552455,1.5610338729552455,1.0,True
categoria_grupo_home_confort,0.44444182656208925,1.5596194147012898,1.5596194147012898,1.0,True
n_itens,0.42393389943037807,1.5279605913804857,2.217886787343131,0.5322093037518835,True
uf_vendedor_DF,0.41122500637190473,1.508664777558701,1.508664777558701,1.0,True
mes_compra_2017-01,0.38570505525225574,1.470650846097905,1.470650846097905,1.0,True
categoria_grupo_fixed_telephony,0.3402224885839584,1.4052602101394078,1.4052602101394078,1.0,True
uf_vendedor_ES,0.33664752266775366,1.4002454219740523,1.4002454219740523,1.0,True
uf_cliente_RJ,0.31358299511673166,1.3683190218462584,1.3683190218462584,1.0,True
categoria_grupo_telephony,0.290379750617103,1.3369350935644213,1.3369350935644213,1.0,True
categoria_grupo_air_conditioning,0.28989340442185924,1.33628503835713,1.33628503835713,1.0,True
mes_compra_2016-10,0.2859975662868514,1.3310892157590233,1.3310892157590233,1.0,True
uf_cliente_SP,0.25095739314782994,1.2852553224810628,1.2852553224810628,1.0,True
categoria_grupo_computers_accessories,0.24630890089876423,1.279294687791866,1.279294687791866,1.0,True
uf_cliente_MA,0.2143767930194587,1.2390894471000404,1.2390894471000404,1.0,True
categoria_grupo_watches_gifts,0.2027690869978079,1.2247896157443705,1.2247896157443705,1.0,True
categoria_grupo_bed_bath_table,0.1963307643856917,1.2169293556632852,1.2169293556632852,1.0,True
uf_cliente_DF,0.1867932741311332,1.2053780764617117,1.2053780764617117,1.0,True
atraso_dias,0.18081253962329621,1.1981905449879153,1.018062861901546,10.100318785886817,True
uf_cliente_MG,0.1677742379392964,1.182669578584898,1.182669578584898,1.0,True
categoria_grupo_home_appliances,0.1655117154486835,1.1799967868302847,1.1799967868302847,1.0,True
uf_cliente_AM,0.15585049542128782,1.1686514712827165,1.1686514712827165,1.0,True
categoria_grupo_home_construction,0.15415987269264314,1.1666773917255793,1.1666773917255793,1.0,True
categoria_grupo_baby,0.14878380139565053,1.1604220804527512,1.1604220804527512,1.0,True
categoria_grupo_market_place,0.14742983755142836,1.15885197408527,1.15885197408527,1.0,True
mes_compra_2018-06,0.14539480194259835,1.1564960670430613,1.1564960670430613,1.0,True
uf_cliente_PE,0.13399677923575293,1.1433891370518634,1.1433891370518634,1.0,True
uf_cliente_BA,0.13153757379439696,1.140580762864328,1.140580762864328,1.0,True
uf_cliente_SE,0.11653622677525033,1.1235982140698924,1.1235982140698924,1.0,True
categoria_grupo_auto,0.10666458170253439,1.1125610185650736,1.1125610185650736,1.0,True
categoria_grupo_small_appliances,0.1011324503305538,1.1064231781744929,1.1064231781744929,1.0,True
uf_vendedor_SP,0.10002515798990953,1.1051987223042006,1.1051987223042006,1.0,True
uf_cliente_CE,0.09157419822583694,1.0958980873697308,1.0958980873697308,1.0,True
uf_cliente_PI,0.08813747450648216,1.0921382528757033,1.0921382528757033,1.0,True
uf_vendedor_MA,0.08419208630880484,1.0878378324948754,1.0878378324948754,1.0,True
mes_compra_2017-02,0.0781341865630284,1.0812677405376632,1.0812677405376632,1.0,True
mes_compra_2018-03,0.07618067720872866,1.07915753571553,1.07915753571553,1.0,True
mes_compra_2018-07,0.07433616693725738,1.0771688531928645,1.0771688531928645,1.0,True
categoria_grupo_electronics,0.06873624248736047,1.0711536470644436,1.0711536470644436,1.0,True
uf_vendedor_SC,0.05770009651977661,1.05939723114676,1.05939723114676,1.0,True
categoria_grupo_fashion_underwear_beach,0.05737456150040715,1.0590524163762853,1.0590524163762853,1.0,True
categoria_grupo_furniture_decor,0.05649043948372739,1.0581164986118647,1.0581164986118647,1.0,True
n_parcelas,0.05524885301558741,1.056803570710891,1.0205955870732493,2.71008837982832,True
categoria_grupo_perfumery,0.050859617109565804,1.0521751755225404,1.0521751755225404,1.0,True
preco_total,0.04726992148988477,1.0484049579191956,1.0002280506210786,207.3018307468432,True
categoria_grupo_home_appliances_2,0.04698497758239456,1.0481062638713996,1.0481062638713996,1.0,True
valor_pedido,0.044246984449377164,1.0452404811552496,1.0002039287373994,216.99489967038076,True
uf_cliente_PR,0.04347416493346591,1.0444330109671407,1.0444330109671407,1.0,True
pagamento_tipo_voucher,0.03870062394111935,1.0394592478512201,1.0394592478512201,1.0,True
uf_vendedor_RJ,0.0316700316594235,1.032176863420886,1.032176863420886,1.0,True
categoria_grupo_cool_stuff,0.025078063306507355,1.0253951631371039,1.0253951631371039,1.0,True
categoria_grupo_books_technical,0.025011969280368723,1.0253273928820181,1.0253273928820181,1.0,True
frete_ratio,0.023329110872134327,1.0236033631135824,1.2041209692348116,0.1255942619329712,True
uf_cliente_ES,0.02282211525616185,1.0230845322295945,1.0230845322295945,1.0,True
peso_g,0.021939147702037955,1.022181580479723,1.0000058215795813,3768.6011598107366,True
mes_compra_2018-08,0.021785294162356562,1.0220243263227335,1.0220243263227335,1.0,True
manuseio_dias,0.02098300149963783,1.0212046925416538,1.0058793265199606,3.579427698296523,True
uf_cliente_GO,0.013769880503242307,1.0138651219601824,1.0138651219601824,1.0,True
dia_semana_compra_Sunday,0.005891626952433013,1.0059090167210758,1.0059090167210758,1.0,True
n_fotos,0.004881946190206439,1.0048938823054279,1.0028205738180473,1.7332742265782908,True
categoria_grupo_fashion_bags_accessories,0.004392024567810138,1.004401683643501,1.004401683643501,1.0,True
uf_vendedor_PE,0.004154782160165653,1.0041634252334481,1.0041634252334481,1.0,True
mes_compra_2018-04,0.002772036967347829,1.0027758826144262,1.0027758826144262,1.0,True
categoria_grupo_office_furniture,-0.0006031766350191258,0.9993970052394381,0.9993970052394381,1.0,False
uf_cliente_AL,-0.002497931266534213,0.9975051859676861,0.9975051859676861,1.0,False
dia_semana_compra_Tuesday,-0.005523347229680093,0.9944918784075714,0.9944918784075714,1.0,False
aprovacao_h,-0.006220762714878684,0.9937985461700876,0.9996966055474461,20.500767045500666,False
uf_vendedor_PR,-0.006570245531228315,0.9934512913386205,0.9934512913386205,1.0,False
frete_total,-0.009114001092623378,0.9909274055265288,0.9995800828072318,21.699724499786733,False
categoria_grupo_health_beauty,-0.009205429206577279,0.9908368110442807,0.9908368110442807,1.0,False
uf_cliente_PB,-0.013621257164817067,0.9864710923774136,0.9864710923774136,1.0,False
mes_compra_infrequent_sklearn,-0.016983580422095856,0.9831598275717602,0.9831598275717602,1.0,False
hora_compra,-0.020260920854199883,0.9799429523945408,0.9962044876726232,5.327988543613105,False
categoria_grupo_computers,-0.02227522945029307,0.9779710315771238,0.9779710315771238,1.0,False
categoria_grupo_Outras categorias,-0.0260975855487126,0.9742400132235159,0.9742400132235159,1.0,False
dia_semana_compra_Friday,-0.028626828012251537,0.9717790375264286,0.9717790375264286,1.0,False
categoria_grupo_pet_shop,-0.032615859219933256,0.9679103020021962,0.9679103020021962,1.0,False
uf_cliente_MT,-0.03342436716052128,0.9671280551062758,0.9671280551062758,1.0,False
mes_compra_2018-02,-0.03367721237092617,0.9668835523216756,0.9668835523216756,1.0,False
categoria_grupo_housewares,-0.0342726750829651,0.9663079806021398,0.9663079806021398,1.0,False
mes_compra_2017-06,-0.03857987911615949,0.9621548455914636,0.9621548455914636,1.0,False
pagamento_tipo_debit_card,-0.051343609014803136,0.9499522023065817,0.9499522023065817,1.0,False
dia_semana_compra_Monday,-0.05294982678449679,0.9484275969507663,0.9484275969507663,1.0,False
uf_cliente_RO,-0.05296174157373018,0.9484162967031656,0.9484162967031656,1.0,False
mes_compra_2017-05,-0.05319172478703837,0.9481982019557227,0.9481982019557227,1.0,False
categoria_grupo_toys,-0.053929336956857435,0.9474990573030605,0.9474990573030605,1.0,False
categoria_grupo_food,-0.054930649583510106,0.9465507893687993,0.9465507893687993,1.0,False
dia_semana_compra_Wednesday,-0.05658990883899809,0.9449815184844047,0.9449815184844047,1.0,False
preco_unitario_medio,-0.05672798242931526,0.944851050500663,0.9996945881946019,185.7142333335804,False
categoria_grupo_signaling_and_security,-0.05692119968206262,0.9446685066123119,0.9446685066123119,1.0,False
uf_cliente_SC,-0.05907695464716937,0.9426342262815866,0.9426342262815866,1.0,False
mes_compra_2018-01,-0.05963890797961528,0.9421046586469347,0.9421046586469347,1.0,False
uf_cliente_MS,-0.06398235702678097,0.938021548873805,0.938021548873805,1.0,False
mes_compra_2017-11,-0.0675378624127997,0.934692330239201,0.934692330239201,1.0,False
categoria_grupo_industry_commerce_and_business,-0.07606673910790143,0.926754353736592,0.926754353736592,1.0,False
mes_compra_2017-03,-0.07699812357673701,0.9258915909693857,0.9258915909693857,1.0,False
dia_semana_compra_Thursday,-0.07850372473474676,0.9244986164130201,0.9244986164130201,1.0,False
uf_vendedor_MG,-0.08098421688980131,0.9222082466441275,0.9222082466441275,1.0,False
uf_cliente_AC,-0.08612000316350946,0.917484123616349,0.917484123616349,1.0,False
dia_semana_compra_Saturday,-0.08979048014892103,0.9141226920585989,0.9141226920585989,1.0,False
uf_vendedor_RS,-0.09579216985558982,0.9086528418975272,0.9086528418975272,1.0,False
categoria_grupo_consoles_games,-0.09801263313939085,0.9066374500042897,0.9066374500042897,1.0,False
categoria_grupo_furniture_living_room,-0.09847309086458393,0.9062200778849686,0.9062200778849686,1.0,False
mes_compra_2017-04,-0.10265136195778686,0.902441544095834,0.902441544095834,1.0,False
uf_cliente_PA,-0.10382344415741646,0.9013844280602572,0.9013844280602572,1.0,False
categoria_grupo_construction_tools_construction,-0.10435478062552554,0.9009056168580345,0.9009056168580345,1.0,False
uf_cliente_RS,-0.10784144040745734,0.8977699351806688,0.8977699351806688,1.0,False
uf_vendedor_BA,-0.11022366691214626,0.8956337892479175,0.8956337892479175,1.0,False
pagamento_tipo_credit_card,-0.11043862166660719,0.8954412891968047,0.8954412891968047,1.0,False
mes_compra_2017-12,-0.1117159492347881,0.8942982475271565,0.8942982475271565,1.0,False
distancia_km,-0.1119882924408576,0.89405472463765,0.9998107435896922,591.6718734830114,False
categoria_grupo_sports_leisure,-0.11911910005345808,0.887702069101867,0.887702069101867,1.0,False
mes_compra_2018-05,-0.1310064021785607,0.877212158304193,0.877212158304193,1.0,False
mes_compra_2017-10,-0.14117360029843437,0.8683385547800717,0.8683385547800717,1.0,False
categoria_grupo_musical_instruments,-0.1452610455751514,0.8647965123395353,0.8647965123395353,1.0,False
mes_compra_2017-08,-0.15619668275026488,0.8553909331836275,0.8553909331836275,1.0,False
mes_compra_2017-09,-0.16546795627585467,0.8474970197305365,0.8474970197305365,1.0,False
categoria_grupo_agro_industry_and_commerce,-0.17462647037836984,0.8397706414022018,0.8397706414022018,1.0,False
uf_cliente_RN,-0.17829976901203193,0.8366915716860283,0.8366915716860283,1.0,False
categoria_grupo_drinks,-0.18262434762564944,0.8330810458373522,0.8330810458373522,1.0,False
pagamento_tipo_boleto,-0.1830108820563867,0.8327590935563709,0.8327590935563709,1.0,False
categoria_grupo_luggage_accessories,-0.19053776980702739,0.8265145398448379,0.8265145398448379,1.0,False
categoria_grupo_kitchen_dining_laundry_garden_furniture,-0.20333872670597022,0.8160017930086108,0.8160017930086108,1.0,False
mes_compra_2017-07,-0.22157903075602461,0.8012525960471807,0.8012525960471807,1.0,False
categoria_grupo_costruction_tools_garden,-0.23094861187737736,0.7937802558643012,0.7937802558643012,1.0,False
uf_vendedor_MT,-0.23181391031488566,0.7930936961315469,0.7930936961315469,1.0,False
categoria_grupo_fashion_shoes,-0.2523458804043645,0.7769759508314515,0.7769759508314515,1.0,False
uf_vendedor_CE,-0.28747117791711563,0.7501581875808608,0.7501581875808608,1.0,False
uf_cliente_TO,-0.30367849420147164,0.7380981311366046,0.7380981311366046,1.0,False
uf_vendedor_MS,-0.31405711772501455,0.7304773037660691,0.7304773037660691,1.0,False
categoria_grupo_garden_tools,-0.3272506050536261,0.7209030584376981,0.7209030584376981,1.0,False
uf_vendedor_RN,-0.33208753041189276,0.7174245236420066,0.7174245236420066,1.0,False
categoria_grupo_stationery,-0.3858290552956966,0.679886738784552,0.679886738784552,1.0,False
categoria_grupo_christmas_supplies,-0.4071695334066697,0.6655313509396005,0.6655313509396005,1.0,False
uf_vendedor_GO,-0.4250803030894637,0.6537172875041923,0.6537172875041923,1.0,False
uf_cliente_RR,-0.5040192381911158,0.6040977609958946,0.6040977609958946,1.0,False
categoria_grupo_construction_tools_lights,-0.5715876779098968,0.5646282788419303,0.5646282788419303,1.0,False
categoria_grupo_books_general_interest,-0.7026180359683414,0.4952869259462856,0.4952869259462856,1.0,False
uf_cliente_AP,-0.7279290928304447,0.4829080129576239,0.4829080129576239,1.0,False
categoria_grupo_food_drink,-2.090181187540119,0.12366472727970693,0.12366472727970693,1.0,False
