categoria_grupo,n_pedidos,pct_inssatisfacao
fashion_male_clothing,105,22.86
office_furniture,1241,22.08
audio,341,21.41
home_confort,368,17.93
fixed_telephony,209,16.75
sem_categoria,1369,16.580000000000002
fashion_underwear_beach,116,16.38
home_construction,470,15.959999999999999
bed_bath_table,9090,15.78
construction_tools_safety,153,15.690000000000001
furniture_decor,6142,14.82
computers_accessories,6480,14.49
art,191,14.14
air_conditioning,241,14.11
telephony,4049,13.930000000000001
furniture_living_room,404,13.86
baby,2739,13.76
watches_gifts,5436,13.65
electronics,2483,13.05
auto,3774,12.770000000000001
construction_tools_construction,719,12.659999999999998
agro_industry_and_commerce,177,12.43
home_appliances_2,226,12.389999999999999
garden_tools,3381,11.709999999999999
perfumery,3059,11.57
housewares,5646,11.49
computers,174,11.49
christmas_supplies,122,11.48
musical_instruments,602,11.459999999999999
health_beauty,8567,11.360000000000001
small_appliances,601,11.31
toys,3757,11.29
costruction_tools_garden,186,11.29
sports_leisure,7448,11.18
Outras categorias,798,11.15
consoles_games,1004,11.06
signaling_and_security,136,11.03
home_appliances,744,11.020000000000001
cool_stuff,3502,10.97
market_place,266,10.9
kitchen_dining_laundry_garden_furniture,235,10.639999999999999
pet_shop,1674,10.57
fashion_shoes,229,10.48
fashion_bags_accessories,1803,10.15
food,432,9.950000000000001
drinks,282,9.93
stationery,2231,9.73
industry_commerce_and_business,227,9.69
books_technical,253,9.49
construction_tools_lights,227,8.81
luggage_accessories,1008,8.129999999999999
books_general_interest,488,6.15
food_drink,219,4.109999999999999
