modelo,variavel,importancia_media,importancia_std
regressao_logistica,entrega_dias,0.13541495669770506,0.004469196232237397
regressao_logistica,n_itens,0.046910699186115824,0.0019658690208883014
regressao_logistica,categoria_grupo,0.008872102276714833,0.0009509853722356535
regressao_logistica,atraso_dias,0.006004759460380493,0.0012114700381350202
regressao_logistica,uf_cliente,0.0041657186496255605,0.0008243880724067693
regressao_logistica,distancia_km,0.002595155776891378,0.0005213644337790894
regressao_logistica,uf_vendedor,0.002530397794295036,0.000850136780807546
regressao_logistica,mes_compra,0.0016149647210770613,0.0009732656962811913
regressao_logistica,preco_unitario_medio,0.0014883111084952661,0.000245216960570995
regressao_logistica,frete_ratio,0.0004193309971851189,0.00013708631901188675
regressao_logistica,n_parcelas,0.0003683820967921858,0.00034746629697373065
regressao_logistica,manuseio_dias,0.00034512212655674057,0.0001573150754433518
regressao_logistica,pagamento_tipo,0.0003269841325617806,0.00031895587834878243
regressao_logistica,peso_g,0.00019069661707504793,0.0001636386094643967
regressao_logistica,preco_total,0.00014664127689141272,0.0001646375723440729
regressao_logistica,valor_pedido,0.00014309078835882393,0.00015850726626531397
regressao_logistica,n_fotos,1.8345410850928445e-05,3.3824091747021635e-05
regressao_logistica,frete_total,-3.888700017531388e-05,5.0138048809093005e-05
regressao_logistica,hora_compra,-5.8777056552683506e-05,0.0001671279729905361
regressao_logistica,aprovacao_h,-9.526534179509216e-05,3.3070526773906634e-05
regressao_logistica,dia_semana_compra,-0.00025191875232850603,0.00018559048673497493
gradient_boosting,n_itens,0.05733999204885785,0.002115284033135905
gradient_boosting,atraso_dias,0.04519600600054523,0.0015282240902771155
gradient_boosting,entrega_dias,0.03406812218639034,0.0031593418507426924
gradient_boosting,categoria_grupo,0.014286591188404908,0.0011352345405523383
gradient_boosting,manuseio_dias,0.007356951427071878,0.001801020554444564
gradient_boosting,uf_vendedor,0.002999688191460703,0.0011122275523478063
gradient_boosting,n_fotos,0.0027348168665335404,0.0003742726307986339
gradient_boosting,distancia_km,0.0025434760371062294,0.0005190420277791774
gradient_boosting,peso_g,0.0022220616571737685,0.0007185894321532312
gradient_boosting,frete_total,0.0018414456261836576,0.0005892539663404202
gradient_boosting,valor_pedido,0.0016938477915570903,0.00041637057307319876
gradient_boosting,mes_compra,0.0011267042222946166,0.00043542110685444935
gradient_boosting,preco_unitario_medio,0.0007517543317668407,0.00021665741205114934
gradient_boosting,preco_total,0.0007452951268556607,0.0003693185789106352
gradient_boosting,uf_cliente,0.0005240862701851757,0.0008715526785478494
gradient_boosting,aprovacao_h,0.0002812011319787477,0.0004975368909854542
gradient_boosting,pagamento_tipo,0.0001078555449455565,8.756478559186545e-05
gradient_boosting,frete_ratio,1.6335907547315732e-05,0.0005489375232671679
gradient_boosting,dia_semana_compra,-3.270475777177318e-05,0.00017213712346721483
gradient_boosting,n_parcelas,-0.00017819060076611492,0.0007104581762337874
gradient_boosting,hora_compra,-0.00033874222809040513,0.00032118041540672146
