variavel,media,desvio_padrao,min,mediana,max,ausentes,n_niveis,nivel_mais_frequente,pct_nivel_frequente
atraso_dias,"-11,22","10,11","-146,02","-11,97","188,98",0,,,
entrega_dias,"12,52","9,46","0,53","10,21","208,35",0,,,
manuseio_dias,"3,22","3,58","-171,21","2,20","125,78",1,,,
aprovacao_h,"10,28","20,54","0,00","0,34","741,44",14,,,
frete_total,"22,76","21,52","0,00","17,16","1794,96",0,,,
preco_total,"136,80","207,79","0,85","86,25","13440,00",0,,,
valor_pedido,"159,56","217,49","9,59","105,28","13664,08",0,,,
frete_ratio,"0,21","0,13","0,00","0,18","0,96",0,,,
n_itens,"1,14","0,53","1,00","1,00","21,00",0,,,
preco_unitario_medio,"125,04","188,30","0,85","79,00","6735,00",0,,,
distancia_km,"600,33","593,72","0,00","433,73","8677,86",475,,,
n_parcelas,"2,93","2,71","0,00","2,00","24,00",1,,,
peso_g,"2107,78","3763,43","0,00","700,00","40425,00",16,,,
n_fotos,"2,25","1,75","1,00","2,00","20,00",1349,,,
hora_compra,"14,77","5,33","0,00","15,00","23,00",0,,,
categoria_grupo,,,,,,0,53.0,bed_bath_table,"9,5%"
uf_cliente,,,,,,0,27.0,SP,"42,0%"
uf_vendedor,,,,,,0,22.0,SP,"70,9%"
pagamento_tipo,,,,,,1,4.0,credit_card,"75,5%"
mes_compra,,,,,,0,23.0,2017-11,"7,6%"
dia_semana_compra,,,,,,0,7.0,Monday,"16,3%"
