variavel,papel,tipo,pct_ausentes,n_unicos
order_id,descartada,categórica,0.0,95824
customer_id,descartada,categórica,0.0,95824
order_status,descartada,categórica,0.0,1
order_purchase_timestamp,descartada,data,0.0,95309
order_approved_at,descartada,data,0.01,87719
order_delivered_carrier_date,descartada,data,0.0,79604
order_delivered_customer_date,descartada,data,0.0,95016
order_estimated_delivery_date,descartada,data,0.0,445
customer_unique_id,descartada,categórica,0.0,92747
cep_cliente,descartada,numérica,0.0,14869
cidade_cliente,descartada,categórica,0.0,4083
uf_cliente,feature,categórica,0.0,27
n_itens,feature,numérica,0.0,17
preco_total,feature,numérica,0.0,7468
frete_total,feature,numérica,0.0,7582
categoria,descartada,categórica,0.0,72
peso_g,feature,numérica,0.02,2158
n_fotos,feature,numérica,1.41,19
seller_zip,descartada,numérica,0.0,2160
uf_vendedor,feature,categórica,0.0,22
n_parcelas,feature,numérica,0.0,24
valor_pago,descartada,numérica,0.0,27097
pagamento_tipo,feature,categórica,0.0,4
review_score,descartada,numérica,0.0,5
review_creation_date,descartada,data,0.0,627
tem_comentario,descartada,booleana,0.0,2
comentario_chars,descartada,numérica,0.0,228
distancia_km,feature,numérica,0.5,89714
atraso_dias,feature,numérica,0.0,5795
entrega_dias,feature,numérica,0.0,4998
manuseio_dias,feature,numérica,0.0,2397
aprovacao_h,feature,numérica,0.01,7936
valor_pedido,feature,numérica,0.0,28417
frete_ratio,feature,numérica,0.0,5854
preco_unitario_medio,feature,numérica,0.0,6587
prazo_cumprido,descartada,booleana,0.0,2
faixa_atraso,descartada,categórica,0.0,4
mes_compra,feature,categórica,0.0,23
dia_semana_compra,feature,categórica,0.0,7
hora_compra,feature,numérica,0.0,24
categoria_grupo,feature,categórica,0.0,53
insatisfeito,alvo,numérica,0.0,2
