,atraso_dias,entrega_dias,manuseio_dias,aprovacao_h,frete_total,preco_total,valor_pedido,frete_ratio,n_itens,preco_unitario_medio,distancia_km,n_parcelas,peso_g,n_fotos,hora_compra,insatisfeito
atraso_dias,1.0,0.6013322131972476,0.19432107885766595,0.03827654485740112,-0.050705244849267535,-0.014837547182234826,-0.01919306913943466,-0.0358052921724227,-0.0320661273676938,-0.008262422422769127,-0.07692953796503492,-0.03196235663590171,0.0086887387154654,0.0033799852847548545,0.02284183943042878,0.2566253239904257
entrega_dias,0.6013322131972476,1.0,0.3982962080172169,0.08101091023969498,0.1674254876475848,0.055339550616654014,0.06943796941692959,0.09077460740466428,-0.019613453034626468,0.06032798845427493,0.39502544543957435,0.052178093235368685,0.07900923740175991,-0.027485141278695675,0.0020308752884962136,0.31176483450103115
manuseio_dias,0.19432107885766595,0.3982962080172169,1.0,0.1907295370336461,0.09360343688763738,0.0756299562739836,0.08151764316881441,-0.01770350837878108,0.03362800090275708,0.06881497197092121,0.021635388003089347,0.0018157465534409643,0.13699246674660184,-0.037981031654793974,-0.0015099237519969875,0.14338396130206907
aprovacao_h,0.03827654485740112,0.08101091023969498,0.1907295370336461,1.0,0.03954540565234518,0.02384624372892672,0.02669541640582259,0.03406667527335562,0.025012676158860846,0.013534932692164735,0.03360452278408447,-0.15934220874255825,0.0087832217367189,0.0069655448783469695,-0.03273687845344358,0.012477173158642073
frete_total,-0.050705244849267535,0.1674254876475848,0.09360343688763738,0.03954540565234518,1.0,0.4097034815687745,0.49037752080052677,0.11296748198651176,0.4377055656576946,0.29824675158483405,0.31501131463641135,0.19903419277244924,0.5084929354050232,-0.006246658040268228,0.00043817353535343653,0.08848117192914425
preco_total,-0.014837547182234826,0.055339550616654014,0.0756299562739836,0.02384624372892672,0.4097034815687745,1.0,0.9959172531597537,-0.41740336998947564,0.15302064936217377,0.9324182130118981,0.08012984104208977,0.31508200493767935,0.33536313950269125,0.03530329228145974,0.004581723894989461,0.043093104503088196
valor_pedido,-0.01919306913943466,0.06943796941692959,0.08151764316881441,0.02669541640582259,0.49037752080052677,0.9959172531597537,1.0,-0.38759737056755705,0.18950618275533412,0.9203218944324406,0.10772325407776213,0.3207170484413111,0.3707245843352019,0.03310408559304673,0.00442062060995882,0.04992590453869691
frete_ratio,-0.0358052921724227,0.09077460740466428,-0.01770350837878108,0.03406667527335562,0.11296748198651176,-0.41740336998947564,-0.38759737056755705,1.0,0.0739177259984286,-0.4389577468042277,0.2197030976822576,-0.25155693517732763,-0.12433400715814269,-0.05979382195101278,-0.008283528723250815,0.015251728057175905
n_itens,-0.0320661273676938,-0.019613453034626468,0.03362800090275708,0.025012676158860846,0.4377055656576946,0.15302064936217377,0.18950618275533412,0.0739177259984286,1.0,-0.05874172999422257,-0.01710021208899663,0.06843499929846963,0.005881498428751163,-0.046989522196892626,-0.009703334506957952,0.1260849500912942
preco_unitario_medio,-0.008262422422769127,0.06032798845427493,0.06881497197092121,0.013534932692164735,0.29824675158483405,0.9324182130118981,0.9203218944324406,-0.4389577468042277,-0.05874172999422257,1.0,0.08432371017203887,0.31772018083256254,0.3426370063633678,0.049506329439321005,0.007670884304692316,0.0140496407390519
distancia_km,-0.07692953796503492,0.39502544543957435,0.021635388003089347,0.03360452278408447,0.31501131463641135,0.08012984104208977,0.10772325407776213,0.2197030976822576,-0.01710021208899663,0.08432371017203887,1.0,0.09017451060058895,-0.007974484170293361,0.010229042396565389,-0.0025908770567774925,0.04644262163406947
n_parcelas,-0.03196235663590171,0.052178093235368685,0.0018157465534409643,-0.15934220874255825,0.19903419277244924,0.31508200493767935,0.3207170484413111,-0.25155693517732763,0.06843499929846963,0.31772018083256254,0.09017451060058895,1.0,0.19991240942796593,0.004140171824127334,0.013518689596690735,0.035300544101986055
peso_g,0.0086887387154654,0.07900923740175991,0.13699246674660184,0.0087832217367189,0.5084929354050232,0.33536313950269125,0.3707245843352019,-0.12433400715814269,0.005881498428751163,0.3426370063633678,-0.007974484170293361,0.19991240942796593,1.0,0.028231219750958807,0.009421960466823198,0.02772359750863292
n_fotos,0.0033799852847548545,-0.027485141278695675,-0.037981031654793974,0.0069655448783469695,-0.006246658040268228,0.03530329228145974,0.03310408559304673,-0.05979382195101278,-0.046989522196892626,0.049506329439321005,0.010229042396565389,0.004140171824127334,0.028231219750958807,1.0,0.0027626193641984006,-0.01728456384437487
hora_compra,0.02284183943042878,0.0020308752884962136,-0.0015099237519969875,-0.03273687845344358,0.00043817353535343653,0.004581723894989461,0.00442062060995882,-0.008283528723250815,-0.009703334506957952,0.007670884304692316,-0.0025908770567774925,0.013518689596690735,0.009421960466823198,0.0027626193641984006,1.0,-0.005807494589870799
insatisfeito,0.2566253239904257,0.31176483450103115,0.14338396130206907,0.012477173158642073,0.08848117192914425,0.043093104503088196,0.04992590453869691,0.015251728057175905,0.1260849500912942,0.0140496407390519,0.04644262163406947,0.035300544101986055,0.02772359750863292,-0.01728456384437487,-0.005807494589870799,1.0
